"""""",variable,Model_avg
"""1""",3.0,0.16666666666666666
"""2""",0.0,0.16666666666666666
"""3""",27.0,0.16666666666666666
"""4""",15.0,0.16666666666666666
"""5""",1.0,0.16666666666666666
"""6""",0.0,0.16666666666666666
